latitude,longitude,elevation,utc_offset_seconds,timezone,timezone_abbreviation
-33.356766,-66.22223,826.0,-10800,America/Argentina/San_Luis,GMT-3

time,shortwave_radiation (W/m²)
2026-04-09T00:00,0.0
2026-04-09T01:00,0.0
2026-04-09T02:00,0.0
2026-04-09T03:00,0.0
2026-04-09T04:00,0.0
2026-04-09T05:00,0.0
2026-04-09T06:00,0.0
2026-04-09T07:00,0.0
2026-04-09T08:00,2.0
2026-04-09T09:00,108.0
2026-04-09T10:00,309.0
2026-04-09T11:00,500.0
2026-04-09T12:00,643.0
2026-04-09T13:00,654.0
2026-04-09T14:00,548.0
2026-04-09T15:00,606.0
2026-04-09T16:00,512.0
2026-04-09T17:00,354.0
2026-04-09T18:00,190.0
2026-04-09T19:00,55.0
2026-04-09T20:00,0.0
2026-04-09T21:00,0.0
2026-04-09T22:00,0.0
2026-04-09T23:00,0.0
2026-04-10T00:00,0.0
2026-04-10T01:00,0.0
2026-04-10T02:00,0.0
2026-04-10T03:00,0.0
2026-04-10T04:00,0.0
2026-04-10T05:00,0.0
2026-04-10T06:00,0.0
2026-04-10T07:00,0.0
2026-04-10T08:00,2.0
2026-04-10T09:00,111.0
2026-04-10T10:00,314.0
2026-04-10T11:00,506.0
2026-04-10T12:00,655.0
2026-04-10T13:00,748.0
2026-04-10T14:00,760.0
2026-04-10T15:00,713.0
2026-04-10T16:00,574.0
2026-04-10T17:00,425.0
2026-04-10T18:00,250.0
2026-04-10T19:00,76.0
2026-04-10T20:00,0.0
2026-04-10T21:00,0.0
2026-04-10T22:00,0.0
2026-04-10T23:00,0.0
2026-04-11T00:00,0.0
2026-04-11T01:00,0.0
2026-04-11T02:00,0.0
2026-04-11T03:00,0.0
2026-04-11T04:00,0.0
2026-04-11T05:00,0.0
2026-04-11T06:00,0.0
2026-04-11T07:00,0.0
2026-04-11T08:00,2.0
2026-04-11T09:00,95.0
2026-04-11T10:00,232.0
2026-04-11T11:00,375.0
2026-04-11T12:00,390.0
2026-04-11T13:00,471.0
2026-04-11T14:00,654.0
2026-04-11T15:00,501.0
2026-04-11T16:00,489.0
2026-04-11T17:00,374.0
2026-04-11T18:00,237.0
2026-04-11T19:00,72.0
2026-04-11T20:00,0.0
2026-04-11T21:00,0.0
2026-04-11T22:00,0.0
2026-04-11T23:00,0.0
2026-04-12T00:00,0.0
2026-04-12T01:00,0.0
2026-04-12T02:00,0.0
2026-04-12T03:00,0.0
2026-04-12T04:00,0.0
2026-04-12T05:00,0.0
2026-04-12T06:00,0.0
2026-04-12T07:00,0.0
2026-04-12T08:00,2.0
2026-04-12T09:00,107.0
2026-04-12T10:00,310.0
2026-04-12T11:00,503.0
2026-04-12T12:00,652.0
2026-04-12T13:00,744.0
2026-04-12T14:00,768.0
2026-04-12T15:00,692.0
2026-04-12T16:00,585.0
2026-04-12T17:00,395.0
2026-04-12T18:00,238.0
2026-04-12T19:00,71.0
2026-04-12T20:00,0.0
2026-04-12T21:00,0.0
2026-04-12T22:00,0.0
2026-04-12T23:00,0.0
2026-04-13T00:00,0.0
2026-04-13T01:00,0.0
2026-04-13T02:00,0.0
2026-04-13T03:00,0.0
2026-04-13T04:00,0.0
2026-04-13T05:00,0.0
2026-04-13T06:00,0.0
2026-04-13T07:00,0.0
2026-04-13T08:00,1.0
2026-04-13T09:00,79.0
2026-04-13T10:00,235.0
2026-04-13T11:00,452.0
2026-04-13T12:00,587.0
2026-04-13T13:00,622.0
2026-04-13T14:00,587.0
2026-04-13T15:00,531.0
2026-04-13T16:00,380.0
2026-04-13T17:00,299.0
2026-04-13T18:00,145.0
2026-04-13T19:00,33.0
2026-04-13T20:00,0.0
2026-04-13T21:00,0.0
2026-04-13T22:00,0.0
2026-04-13T23:00,0.0
2026-04-14T00:00,0.0
2026-04-14T01:00,0.0
2026-04-14T02:00,0.0
2026-04-14T03:00,0.0
2026-04-14T04:00,0.0
2026-04-14T05:00,0.0
2026-04-14T06:00,0.0
2026-04-14T07:00,0.0
2026-04-14T08:00,1.0
2026-04-14T09:00,97.0
2026-04-14T10:00,285.0
2026-04-14T11:00,441.0
2026-04-14T12:00,576.0
2026-04-14T13:00,636.0
2026-04-14T14:00,591.0
2026-04-14T15:00,371.0
2026-04-14T16:00,351.0
2026-04-14T17:00,218.0
2026-04-14T18:00,130.0
2026-04-14T19:00,49.0
2026-04-14T20:00,0.0
2026-04-14T21:00,0.0
2026-04-14T22:00,0.0
2026-04-14T23:00,0.0
2026-04-15T00:00,0.0
2026-04-15T01:00,0.0
2026-04-15T02:00,0.0
2026-04-15T03:00,0.0
2026-04-15T04:00,0.0
2026-04-15T05:00,0.0
2026-04-15T06:00,0.0
2026-04-15T07:00,0.0
2026-04-15T08:00,1.0
2026-04-15T09:00,53.0
2026-04-15T10:00,214.0
2026-04-15T11:00,383.0
2026-04-15T12:00,514.0
2026-04-15T13:00,711.0
2026-04-15T14:00,740.0
2026-04-15T15:00,691.0
2026-04-15T16:00,597.0
2026-04-15T17:00,447.0
2026-04-15T18:00,256.0
2026-04-15T19:00,67.0
2026-04-15T20:00,0.0
2026-04-15T21:00,0.0
2026-04-15T22:00,0.0
2026-04-15T23:00,0.0
2026-04-16T00:00,0.0
2026-04-16T01:00,0.0
2026-04-16T02:00,0.0
2026-04-16T03:00,0.0
2026-04-16T04:00,0.0
2026-04-16T05:00,0.0
2026-04-16T06:00,0.0
2026-04-16T07:00,0.0
2026-04-16T08:00,1.0
2026-04-16T09:00,95.0
2026-04-16T10:00,291.0
2026-04-16T11:00,478.0
2026-04-16T12:00,623.0
2026-04-16T13:00,713.0
2026-04-16T14:00,738.0
2026-04-16T15:00,698.0
2026-04-16T16:00,595.0
2026-04-16T17:00,441.0
2026-04-16T18:00,252.0
2026-04-16T19:00,64.0
2026-04-16T20:00,0.0
2026-04-16T21:00,0.0
2026-04-16T22:00,0.0
2026-04-16T23:00,0.0
2026-04-17T00:00,0.0
2026-04-17T01:00,0.0
2026-04-17T02:00,0.0
2026-04-17T03:00,0.0
2026-04-17T04:00,0.0
2026-04-17T05:00,0.0
2026-04-17T06:00,0.0
2026-04-17T07:00,0.0
2026-04-17T08:00,0.0
2026-04-17T09:00,34.0
2026-04-17T10:00,195.0
2026-04-17T11:00,319.0
2026-04-17T12:00,354.0
2026-04-17T13:00,558.0
2026-04-17T14:00,618.0
2026-04-17T15:00,649.0
2026-04-17T16:00,512.0
2026-04-17T17:00,393.0
2026-04-17T18:00,171.0
2026-04-17T19:00,40.0
2026-04-17T20:00,0.0
2026-04-17T21:00,0.0
2026-04-17T22:00,0.0
2026-04-17T23:00,0.0
2026-04-18T00:00,0.0
2026-04-18T01:00,0.0
2026-04-18T02:00,0.0
2026-04-18T03:00,0.0
2026-04-18T04:00,0.0
2026-04-18T05:00,0.0
2026-04-18T06:00,0.0
2026-04-18T07:00,0.0
2026-04-18T08:00,1.0
2026-04-18T09:00,90.0
2026-04-18T10:00,268.0
2026-04-18T11:00,449.0
2026-04-18T12:00,575.0
2026-04-18T13:00,637.0
2026-04-18T14:00,664.0
2026-04-18T15:00,527.0
2026-04-18T16:00,483.0
2026-04-18T17:00,377.0
2026-04-18T18:00,228.0
2026-04-18T19:00,56.0
2026-04-18T20:00,0.0
2026-04-18T21:00,0.0
2026-04-18T22:00,0.0
2026-04-18T23:00,0.0
2026-04-19T00:00,0.0
2026-04-19T01:00,0.0
2026-04-19T02:00,0.0
2026-04-19T03:00,0.0
2026-04-19T04:00,0.0
2026-04-19T05:00,0.0
2026-04-19T06:00,0.0
2026-04-19T07:00,0.0
2026-04-19T08:00,0.0
2026-04-19T09:00,15.0
2026-04-19T10:00,120.0
2026-04-19T11:00,250.0
2026-04-19T12:00,296.0
2026-04-19T13:00,418.0
2026-04-19T14:00,398.0
2026-04-19T15:00,398.0
2026-04-19T16:00,246.0
2026-04-19T17:00,258.0
2026-04-19T18:00,94.0
2026-04-19T19:00,16.0
2026-04-19T20:00,0.0
2026-04-19T21:00,0.0
2026-04-19T22:00,0.0
2026-04-19T23:00,0.0
2026-04-20T00:00,0.0
2026-04-20T01:00,0.0
2026-04-20T02:00,0.0
2026-04-20T03:00,0.0
2026-04-20T04:00,0.0
2026-04-20T05:00,0.0
2026-04-20T06:00,0.0
2026-04-20T07:00,0.0
2026-04-20T08:00,0.0
2026-04-20T09:00,14.0
2026-04-20T10:00,39.0
2026-04-20T11:00,50.0
2026-04-20T12:00,152.0
2026-04-20T13:00,188.0
2026-04-20T14:00,174.0
2026-04-20T15:00,247.0
2026-04-20T16:00,204.0
2026-04-20T17:00,128.0
2026-04-20T18:00,74.0
2026-04-20T19:00,14.0
2026-04-20T20:00,0.0
2026-04-20T21:00,0.0
2026-04-20T22:00,0.0
2026-04-20T23:00,0.0
2026-04-21T00:00,0.0
2026-04-21T01:00,0.0
2026-04-21T02:00,0.0
2026-04-21T03:00,0.0
2026-04-21T04:00,0.0
2026-04-21T05:00,0.0
2026-04-21T06:00,0.0
2026-04-21T07:00,0.0
2026-04-21T08:00,0.0
2026-04-21T09:00,31.0
2026-04-21T10:00,115.0
2026-04-21T11:00,243.0
2026-04-21T12:00,410.0
2026-04-21T13:00,442.0
2026-04-21T14:00,580.0
2026-04-21T15:00,580.0
2026-04-21T16:00,564.0
2026-04-21T17:00,422.0
2026-04-21T18:00,233.0
2026-04-21T19:00,50.0
2026-04-21T20:00,0.0
2026-04-21T21:00,0.0
2026-04-21T22:00,0.0
2026-04-21T23:00,0.0
2026-04-22T00:00,0.0
2026-04-22T01:00,0.0
2026-04-22T02:00,0.0
2026-04-22T03:00,0.0
2026-04-22T04:00,0.0
2026-04-22T05:00,0.0
2026-04-22T06:00,0.0
2026-04-22T07:00,0.0
2026-04-22T08:00,0.0
2026-04-22T09:00,80.0
2026-04-22T10:00,263.0
2026-04-22T11:00,444.0
2026-04-22T12:00,590.0
2026-04-22T13:00,631.0
2026-04-22T14:00,521.0
2026-04-22T15:00,426.0
2026-04-22T16:00,348.0
2026-04-22T17:00,321.0
2026-04-22T18:00,209.0
2026-04-22T19:00,47.0
2026-04-22T20:00,0.0
2026-04-22T21:00,0.0
2026-04-22T22:00,0.0
2026-04-22T23:00,0.0
2026-04-23T00:00,0.0
2026-04-23T01:00,0.0
2026-04-23T02:00,0.0
2026-04-23T03:00,0.0
2026-04-23T04:00,0.0
2026-04-23T05:00,0.0
2026-04-23T06:00,0.0
2026-04-23T07:00,0.0
2026-04-23T08:00,0.0
2026-04-23T09:00,79.0
2026-04-23T10:00,270.0
2026-04-23T11:00,456.0
2026-04-23T12:00,600.0
2026-04-23T13:00,687.0
2026-04-23T14:00,695.0
2026-04-23T15:00,581.0
2026-04-23T16:00,486.0
2026-04-23T17:00,359.0
2026-04-23T18:00,191.0
2026-04-23T19:00,41.0
2026-04-23T20:00,0.0
2026-04-23T21:00,0.0
2026-04-23T22:00,0.0
2026-04-23T23:00,0.0
2026-04-24T00:00,0.0
2026-04-24T01:00,0.0
2026-04-24T02:00,0.0
2026-04-24T03:00,0.0
2026-04-24T04:00,0.0
2026-04-24T05:00,0.0
2026-04-24T06:00,0.0
2026-04-24T07:00,0.0
2026-04-24T08:00,0.0
2026-04-24T09:00,76.0
2026-04-24T10:00,262.0
2026-04-24T11:00,441.0
2026-04-24T12:00,584.0
2026-04-24T13:00,660.0
2026-04-24T14:00,631.0
2026-04-24T15:00,542.0
2026-04-24T16:00,426.0
2026-04-24T17:00,344.0
2026-04-24T18:00,178.0
2026-04-24T19:00,36.0
2026-04-24T20:00,0.0
2026-04-24T21:00,0.0
2026-04-24T22:00,0.0
2026-04-24T23:00,0.0
2026-04-25T00:00,0.0
2026-04-25T01:00,0.0
2026-04-25T02:00,0.0
2026-04-25T03:00,0.0
2026-04-25T04:00,0.0
2026-04-25T05:00,0.0
2026-04-25T06:00,0.0
2026-04-25T07:00,0.0
2026-04-25T08:00,0.0
2026-04-25T09:00,35.0
2026-04-25T10:00,140.0
2026-04-25T11:00,190.0
2026-04-25T12:00,242.0
2026-04-25T13:00,431.0
2026-04-25T14:00,663.0
2026-04-25T15:00,610.0
2026-04-25T16:00,513.0
2026-04-25T17:00,378.0
2026-04-25T18:00,209.0
2026-04-25T19:00,39.0
2026-04-25T20:00,0.0
2026-04-25T21:00,0.0
2026-04-25T22:00,0.0
2026-04-25T23:00,0.0
2026-04-26T00:00,0.0
2026-04-26T01:00,0.0
2026-04-26T02:00,0.0
2026-04-26T03:00,0.0
2026-04-26T04:00,0.0
2026-04-26T05:00,0.0
2026-04-26T06:00,0.0
2026-04-26T07:00,0.0
2026-04-26T08:00,0.0
2026-04-26T09:00,72.0
2026-04-26T10:00,254.0
2026-04-26T11:00,401.0
2026-04-26T12:00,567.0
2026-04-26T13:00,668.0
2026-04-26T14:00,702.0
2026-04-26T15:00,662.0
2026-04-26T16:00,560.0
2026-04-26T17:00,405.0
2026-04-26T18:00,215.0
2026-04-26T19:00,39.0
2026-04-26T20:00,0.0
2026-04-26T21:00,0.0
2026-04-26T22:00,0.0
2026-04-26T23:00,0.0
2026-04-27T00:00,0.0
2026-04-27T01:00,0.0
2026-04-27T02:00,0.0
2026-04-27T03:00,0.0
2026-04-27T04:00,0.0
2026-04-27T05:00,0.0
2026-04-27T06:00,0.0
2026-04-27T07:00,0.0
2026-04-27T08:00,0.0
2026-04-27T09:00,73.0
2026-04-27T10:00,263.0
2026-04-27T11:00,446.0
2026-04-27T12:00,589.0
2026-04-27T13:00,674.0
2026-04-27T14:00,693.0
2026-04-27T15:00,649.0
2026-04-27T16:00,544.0
2026-04-27T17:00,366.0
2026-04-27T18:00,166.0
2026-04-27T19:00,22.0
2026-04-27T20:00,0.0
2026-04-27T21:00,0.0
2026-04-27T22:00,0.0
2026-04-27T23:00,0.0
2026-04-28T00:00,0.0
2026-04-28T01:00,0.0
2026-04-28T02:00,0.0
2026-04-28T03:00,0.0
2026-04-28T04:00,0.0
2026-04-28T05:00,0.0
2026-04-28T06:00,0.0
2026-04-28T07:00,0.0
2026-04-28T08:00,0.0
2026-04-28T09:00,68.0
2026-04-28T10:00,198.0
2026-04-28T11:00,435.0
2026-04-28T12:00,570.0
2026-04-28T13:00,662.0
2026-04-28T14:00,686.0
2026-04-28T15:00,645.0
2026-04-28T16:00,544.0
2026-04-28T17:00,389.0
2026-04-28T18:00,203.0
2026-04-28T19:00,34.0
2026-04-28T20:00,0.0
2026-04-28T21:00,0.0
2026-04-28T22:00,0.0
2026-04-28T23:00,0.0
2026-04-29T00:00,0.0
2026-04-29T01:00,0.0
2026-04-29T02:00,0.0
2026-04-29T03:00,0.0
2026-04-29T04:00,0.0
2026-04-29T05:00,0.0
2026-04-29T06:00,0.0
2026-04-29T07:00,0.0
2026-04-29T08:00,0.0
2026-04-29T09:00,29.0
2026-04-29T10:00,131.0
2026-04-29T11:00,406.0
2026-04-29T12:00,586.0
2026-04-29T13:00,667.0
2026-04-29T14:00,685.0
2026-04-29T15:00,625.0
2026-04-29T16:00,535.0
2026-04-29T17:00,390.0
2026-04-29T18:00,202.0
2026-04-29T19:00,33.0
2026-04-29T20:00,0.0
2026-04-29T21:00,0.0
2026-04-29T22:00,0.0
2026-04-29T23:00,0.0
2026-04-30T00:00,0.0
2026-04-30T01:00,0.0
2026-04-30T02:00,0.0
2026-04-30T03:00,0.0
2026-04-30T04:00,0.0
2026-04-30T05:00,0.0
2026-04-30T06:00,0.0
2026-04-30T07:00,0.0
2026-04-30T08:00,0.0
2026-04-30T09:00,64.0
2026-04-30T10:00,247.0
2026-04-30T11:00,430.0
2026-04-30T12:00,571.0
2026-04-30T13:00,654.0
2026-04-30T14:00,677.0
2026-04-30T15:00,631.0
2026-04-30T16:00,522.0
2026-04-30T17:00,361.0
2026-04-30T18:00,183.0
2026-04-30T19:00,30.0
2026-04-30T20:00,0.0
2026-04-30T21:00,0.0
2026-04-30T22:00,0.0
2026-04-30T23:00,0.0
2026-05-01T00:00,0.0
2026-05-01T01:00,0.0
2026-05-01T02:00,0.0
2026-05-01T03:00,0.0
2026-05-01T04:00,0.0
2026-05-01T05:00,0.0
2026-05-01T06:00,0.0
2026-05-01T07:00,0.0
2026-05-01T08:00,0.0
2026-05-01T09:00,62.0
2026-05-01T10:00,241.0
2026-05-01T11:00,419.0
2026-05-01T12:00,558.0
2026-05-01T13:00,640.0
2026-05-01T14:00,660.0
2026-05-01T15:00,589.0
2026-05-01T16:00,486.0
2026-05-01T17:00,356.0
2026-05-01T18:00,182.0
2026-05-01T19:00,22.0
2026-05-01T20:00,0.0
2026-05-01T21:00,0.0
2026-05-01T22:00,0.0
2026-05-01T23:00,0.0
2026-05-02T00:00,0.0
2026-05-02T01:00,0.0
2026-05-02T02:00,0.0
2026-05-02T03:00,0.0
2026-05-02T04:00,0.0
2026-05-02T05:00,0.0
2026-05-02T06:00,0.0
2026-05-02T07:00,0.0
2026-05-02T08:00,0.0
2026-05-02T09:00,59.0
2026-05-02T10:00,237.0
2026-05-02T11:00,413.0
2026-05-02T12:00,551.0
2026-05-02T13:00,624.0
2026-05-02T14:00,635.0
2026-05-02T15:00,604.0
2026-05-02T16:00,520.0
2026-05-02T17:00,355.0
2026-05-02T18:00,170.0
2026-05-02T19:00,25.0
2026-05-02T20:00,0.0
2026-05-02T21:00,0.0
2026-05-02T22:00,0.0
2026-05-02T23:00,0.0
2026-05-03T00:00,0.0
2026-05-03T01:00,0.0
2026-05-03T02:00,0.0
2026-05-03T03:00,0.0
2026-05-03T04:00,0.0
2026-05-03T05:00,0.0
2026-05-03T06:00,0.0
2026-05-03T07:00,0.0
2026-05-03T08:00,0.0
2026-05-03T09:00,58.0
2026-05-03T10:00,239.0
2026-05-03T11:00,417.0
2026-05-03T12:00,558.0
2026-05-03T13:00,642.0
2026-05-03T14:00,665.0
2026-05-03T15:00,624.0
2026-05-03T16:00,522.0
2026-05-03T17:00,368.0
2026-05-03T18:00,183.0
2026-05-03T19:00,25.0
2026-05-03T20:00,0.0
2026-05-03T21:00,0.0
2026-05-03T22:00,0.0
2026-05-03T23:00,0.0
2026-05-04T00:00,0.0
2026-05-04T01:00,0.0
2026-05-04T02:00,0.0
2026-05-04T03:00,0.0
2026-05-04T04:00,0.0
2026-05-04T05:00,0.0
2026-05-04T06:00,0.0
2026-05-04T07:00,0.0
2026-05-04T08:00,0.0
2026-05-04T09:00,57.0
2026-05-04T10:00,235.0
2026-05-04T11:00,412.0
2026-05-04T12:00,551.0
2026-05-04T13:00,635.0
2026-05-04T14:00,657.0
2026-05-04T15:00,614.0
2026-05-04T16:00,512.0
2026-05-04T17:00,358.0
2026-05-04T18:00,175.0
2026-05-04T19:00,20.0
2026-05-04T20:00,0.0
2026-05-04T21:00,0.0
2026-05-04T22:00,0.0
2026-05-04T23:00,0.0
2026-05-05T00:00,0.0
2026-05-05T01:00,0.0
2026-05-05T02:00,0.0
2026-05-05T03:00,0.0
2026-05-05T04:00,0.0
2026-05-05T05:00,0.0
2026-05-05T06:00,0.0
2026-05-05T07:00,0.0
2026-05-05T08:00,0.0
2026-05-05T09:00,54.0
2026-05-05T10:00,229.0
2026-05-05T11:00,404.0
2026-05-05T12:00,540.0
2026-05-05T13:00,623.0
2026-05-05T14:00,644.0
2026-05-05T15:00,603.0
2026-05-05T16:00,501.0
2026-05-05T17:00,350.0
2026-05-05T18:00,171.0
2026-05-05T19:00,22.0
2026-05-05T20:00,0.0
2026-05-05T21:00,0.0
2026-05-05T22:00,0.0
2026-05-05T23:00,0.0
2026-05-06T00:00,0.0
2026-05-06T01:00,0.0
2026-05-06T02:00,0.0
2026-05-06T03:00,0.0
2026-05-06T04:00,0.0
2026-05-06T05:00,0.0
2026-05-06T06:00,0.0
2026-05-06T07:00,0.0
2026-05-06T08:00,0.0
2026-05-06T09:00,46.0
2026-05-06T10:00,190.0
2026-05-06T11:00,345.0
2026-05-06T12:00,524.0
2026-05-06T13:00,529.0
2026-05-06T14:00,477.0
2026-05-06T15:00,552.0
2026-05-06T16:00,463.0
2026-05-06T17:00,333.0
2026-05-06T18:00,160.0
2026-05-06T19:00,18.0
2026-05-06T20:00,0.0
2026-05-06T21:00,0.0
2026-05-06T22:00,0.0
2026-05-06T23:00,0.0
2026-05-07T00:00,0.0
2026-05-07T01:00,0.0
2026-05-07T02:00,0.0
2026-05-07T03:00,0.0
2026-05-07T04:00,0.0
2026-05-07T05:00,0.0
2026-05-07T06:00,0.0
2026-05-07T07:00,0.0
2026-05-07T08:00,0.0
2026-05-07T09:00,48.0
2026-05-07T10:00,230.0
2026-05-07T11:00,412.0
2026-05-07T12:00,554.0
2026-05-07T13:00,639.0
2026-05-07T14:00,662.0
2026-05-07T15:00,624.0
2026-05-07T16:00,522.0
2026-05-07T17:00,369.0
2026-05-07T18:00,180.0
2026-05-07T19:00,22.0
2026-05-07T20:00,0.0
2026-05-07T21:00,0.0
2026-05-07T22:00,0.0
2026-05-07T23:00,0.0
2026-05-08T00:00,0.0
2026-05-08T01:00,0.0
2026-05-08T02:00,0.0
2026-05-08T03:00,0.0
2026-05-08T04:00,0.0
2026-05-08T05:00,0.0
2026-05-08T06:00,0.0
2026-05-08T07:00,0.0
2026-05-08T08:00,0.0
2026-05-08T09:00,48.0
2026-05-08T10:00,223.0
2026-05-08T11:00,410.0
2026-05-08T12:00,531.0
2026-05-08T13:00,617.0
2026-05-08T14:00,639.0
2026-05-08T15:00,597.0
2026-05-08T16:00,499.0
2026-05-08T17:00,345.0
2026-05-08T18:00,158.0
2026-05-08T19:00,18.0
2026-05-08T20:00,0.0
2026-05-08T21:00,0.0
2026-05-08T22:00,0.0
2026-05-08T23:00,0.0
2026-05-09T00:00,0.0
2026-05-09T01:00,0.0
2026-05-09T02:00,0.0
2026-05-09T03:00,0.0
2026-05-09T04:00,0.0
2026-05-09T05:00,0.0
2026-05-09T06:00,0.0
2026-05-09T07:00,0.0
2026-05-09T08:00,0.0
2026-05-09T09:00,27.0
2026-05-09T10:00,172.0
2026-05-09T11:00,251.0
2026-05-09T12:00,310.0
2026-05-09T13:00,428.0
2026-05-09T14:00,566.0
2026-05-09T15:00,555.0
2026-05-09T16:00,485.0
2026-05-09T17:00,347.0
2026-05-09T18:00,169.0
2026-05-09T19:00,19.0
2026-05-09T20:00,0.0
2026-05-09T21:00,0.0
2026-05-09T22:00,0.0
2026-05-09T23:00,0.0
2026-05-10T00:00,0.0
2026-05-10T01:00,0.0
2026-05-10T02:00,0.0
2026-05-10T03:00,0.0
2026-05-10T04:00,0.0
2026-05-10T05:00,0.0
2026-05-10T06:00,0.0
2026-05-10T07:00,0.0
2026-05-10T08:00,0.0
2026-05-10T09:00,48.0
2026-05-10T10:00,226.0
2026-05-10T11:00,405.0
2026-05-10T12:00,545.0
2026-05-10T13:00,628.0
2026-05-10T14:00,649.0
2026-05-10T15:00,606.0
2026-05-10T16:00,501.0
2026-05-10T17:00,348.0
2026-05-10T18:00,165.0
2026-05-10T19:00,18.0
2026-05-10T20:00,0.0
2026-05-10T21:00,0.0
2026-05-10T22:00,0.0
2026-05-10T23:00,0.0
2026-05-11T00:00,0.0
2026-05-11T01:00,0.0
2026-05-11T02:00,0.0
2026-05-11T03:00,0.0
2026-05-11T04:00,0.0
2026-05-11T05:00,0.0
2026-05-11T06:00,0.0
2026-05-11T07:00,0.0
2026-05-11T08:00,0.0
2026-05-11T09:00,48.0
2026-05-11T10:00,226.0
2026-05-11T11:00,406.0
2026-05-11T12:00,547.0
2026-05-11T13:00,631.0
2026-05-11T14:00,650.0
2026-05-11T15:00,605.0
2026-05-11T16:00,502.0
2026-05-11T17:00,350.0
2026-05-11T18:00,166.0
2026-05-11T19:00,17.0
2026-05-11T20:00,0.0
2026-05-11T21:00,0.0
2026-05-11T22:00,0.0
2026-05-11T23:00,0.0
2026-05-12T00:00,0.0
2026-05-12T01:00,0.0
2026-05-12T02:00,0.0
2026-05-12T03:00,0.0
2026-05-12T04:00,0.0
2026-05-12T05:00,0.0
2026-05-12T06:00,0.0
2026-05-12T07:00,0.0
2026-05-12T08:00,0.0
2026-05-12T09:00,47.0
2026-05-12T10:00,224.0
2026-05-12T11:00,403.0
2026-05-12T12:00,543.0
2026-05-12T13:00,627.0
2026-05-12T14:00,648.0
2026-05-12T15:00,605.0
2026-05-12T16:00,501.0
2026-05-12T17:00,348.0
2026-05-12T18:00,165.0
2026-05-12T19:00,17.0
2026-05-12T20:00,0.0
2026-05-12T21:00,0.0
2026-05-12T22:00,0.0
2026-05-12T23:00,0.0
2026-05-13T00:00,0.0
2026-05-13T01:00,0.0
2026-05-13T02:00,0.0
2026-05-13T03:00,0.0
2026-05-13T04:00,0.0
2026-05-13T05:00,0.0
2026-05-13T06:00,0.0
2026-05-13T07:00,0.0
2026-05-13T08:00,0.0
2026-05-13T09:00,43.0
2026-05-13T10:00,214.0
2026-05-13T11:00,381.0
2026-05-13T12:00,507.0
2026-05-13T13:00,584.0
2026-05-13T14:00,542.0
2026-05-13T15:00,435.0
2026-05-13T16:00,403.0
2026-05-13T17:00,328.0
2026-05-13T18:00,140.0
2026-05-13T19:00,15.0
2026-05-13T20:00,0.0
2026-05-13T21:00,0.0
2026-05-13T22:00,0.0
2026-05-13T23:00,0.0
2026-05-14T00:00,0.0
2026-05-14T01:00,0.0
2026-05-14T02:00,0.0
2026-05-14T03:00,0.0
2026-05-14T04:00,0.0
2026-05-14T05:00,0.0
2026-05-14T06:00,0.0
2026-05-14T07:00,0.0
2026-05-14T08:00,0.0
2026-05-14T09:00,38.0
2026-05-14T10:00,176.0
2026-05-14T11:00,347.0
2026-05-14T12:00,510.0
2026-05-14T13:00,587.0
2026-05-14T14:00,610.0
2026-05-14T15:00,572.0
2026-05-14T16:00,472.0
2026-05-14T17:00,319.0
2026-05-14T18:00,135.0
2026-05-14T19:00,13.0
2026-05-14T20:00,0.0
2026-05-14T21:00,0.0
2026-05-14T22:00,0.0
2026-05-14T23:00,0.0
